{"cameraMode":{"drawMode":0,"name":"Shaded","section":"Shading Mode"},"sceneLighting":false,"audioPlay":false,"sceneViewState":{"showFog":true,"showMaterialUpdate":false,"showSkybox":true,"showFlares":true,"showImageEffects":true,"showParticleSystems":true},"in2DMode":false,"pivot":{"x":209.49412536621095,"y":-0.6928941011428833,"z":327.3548583984375},"rotation":{"x":0.33411818742752077,"y":0.389311283826828,"z":-0.15416200459003449,"w":0.8444855809211731},"size":3.5544910430908205,"orthographic":true}